<?xml version="1.0" encoding="UTF-8"?>
<con:soapui-project id="65dd4bfa-8a13-452f-b612-e3b0d15539eb" activeEnvironment="Default" name="CheckStudentsIsCreated" resourceRoot="${projectDir}" soapui-version="5.5.0" abortOnError="false" runType="SEQUENTIAL" xmlns:con="http://eviware.com/soapui/config"><con:settings/><con:interface xsi:type="con:RestService" id="5ee2c0fe-a511-4d0d-99e5-b64d820c6dad" wadlVersion="http://wadl.dev.java.net/2009/02" name="http://37.59.228.229:3000" type="rest" xmlns:xsi="http://www.w3.org/2001/XMLSchema-instance"><con:settings/><con:definitionCache type="TEXT" rootPart=""/><con:endpoints><con:endpoint>http://37.59.228.229:3000</con:endpoint></con:endpoints><con:resource name="Users" path="/api/users" id="b62eca43-8228-450a-8443-b96387c4b366"><con:settings/><con:parameters/><con:method name="CreateUser" id="69785259-1a63-4176-af62-d28769985f62" method="POST"><con:settings/><con:parameters/><con:representation type="RESPONSE"><con:mediaType>application/json; charset=utf-8</con:mediaType><con:status>200</con:status><con:params/><con:element xmlns:user="http://37.59.228.229/api/users">user:Response</con:element></con:representation><con:representation type="REQUEST"><con:mediaType>application/json</con:mediaType><con:params/></con:representation><con:representation type="RESPONSE"><con:mediaType>text/html; charset=utf-8</con:mediaType><con:status>200</con:status><con:params/><con:element>html</con:element></con:representation><con:representation type="FAULT"><con:mediaType>text/html; charset=utf-8</con:mediaType><con:status>400</con:status><con:params/><con:element>html</con:element></con:representation><con:request name="Request 1" id="7b71c6c8-deb9-47eb-9e18-7a2dc06feb34" mediaType="application/json" postQueryString="false"><con:settings><con:setting id="com.eviware.soapui.impl.wsdl.WsdlRequest@request-headers">&lt;xml-fragment/></con:setting></con:settings><con:endpoint>http://37.59.228.229:3000</con:endpoint><con:request>{
	"name":"Vasiliy",
	"phone":"123456"
}</con:request><con:originalUri>http://37.59.228.229/api/users</con:originalUri><con:credentials><con:authType>No Authorization</con:authType></con:credentials><con:jmsConfig JMSDeliveryMode="PERSISTENT"/><con:jmsPropertyConfig/><con:parameters/></con:request></con:method><con:method name="GetUsers" id="71818300-0e6a-4eb1-9cc0-5f3b168cdc86" method="GET"><con:settings/><con:parameters/><con:representation type="RESPONSE"><con:mediaType>text/html; charset=utf-8</con:mediaType><con:status>200</con:status><con:params/><con:element>html</con:element></con:representation><con:request name="Request 1" id="a4fec8f5-046d-4dd7-9db5-474189498043" mediaType="application/json"><con:settings><con:setting id="com.eviware.soapui.impl.wsdl.WsdlRequest@request-headers">&lt;xml-fragment/></con:setting></con:settings><con:endpoint>http://37.59.228.229:3000</con:endpoint><con:request/><con:originalUri>http://37.59.228.229/api/users</con:originalUri><con:credentials><con:authType>No Authorization</con:authType></con:credentials><con:jmsConfig JMSDeliveryMode="PERSISTENT"/><con:jmsPropertyConfig/><con:parameters/></con:request></con:method><con:method name="DeleteUser" id="dff5ce59-0ca7-43eb-8def-5bfa70daa4f2" method="DELETE"><con:settings/><con:parameters/><con:representation type="REQUEST"><con:mediaType>application/json</con:mediaType><con:params/></con:representation><con:representation type="RESPONSE"><con:mediaType xsi:nil="true"/><con:status>204</con:status><con:params/><con:element>data</con:element></con:representation><con:representation type="RESPONSE"><con:mediaType xsi:nil="true"/><con:status>204</con:status><con:params/><con:element>data</con:element></con:representation><con:representation type="FAULT"><con:mediaType>text/html; charset=utf-8</con:mediaType><con:status>400</con:status><con:params/><con:element>html</con:element></con:representation><con:request name="Request 1" id="6fe61420-3902-4c78-ba8e-6d99aea432f0" mediaType="application/json" postQueryString="false"><con:settings/><con:endpoint>http://37.59.228.229:3000</con:endpoint><con:request/><con:credentials><con:authType>No Authorization</con:authType></con:credentials><con:jmsConfig JMSDeliveryMode="PERSISTENT"/><con:jmsPropertyConfig/><con:parameters><entry key="" value="/text." xmlns="http://eviware.com/soapui/config"/></con:parameters><con:parameterOrder><con:entry/></con:parameterOrder></con:request></con:method></con:resource></con:interface><con:testSuite id="ddaaf73f-f396-48be-9f44-5dec2479ba09" name="CreateUserTest"><con:settings/><con:runType>SEQUENTIAL</con:runType><con:testCase id="b818d3f5-48e7-440b-9c39-3a293addc320" failOnError="true" failTestCaseOnErrors="true" keepSession="false" maxResults="0" name="CreateUserTestCase" searchProperties="true"><con:settings/><con:testStep type="properties" name="Data" id="1467ab67-51a1-482a-98b9-ce44568eb46e"><con:settings/><con:config xsi:type="con:PropertiesStep" saveFirst="true" xmlns:xsi="http://www.w3.org/2001/XMLSchema-instance"><con:properties><con:property><con:name>UserName</con:name><con:value>Petya---${= new Date().getTime() }</con:value></con:property><con:property><con:name>Phone</con:name><con:value>123456---${=java.util.UUID.randomUUID()}</con:value></con:property></con:properties></con:config></con:testStep><con:testStep type="properties" name="TEMP" id="ee053005-42a9-41d8-b988-cc21062c8c8e"><con:settings/><con:config xsi:type="con:PropertiesStep" saveFirst="true" xmlns:xsi="http://www.w3.org/2001/XMLSchema-instance"><con:properties><con:property><con:name>_name</con:name><con:value>Petya---1569315362478</con:value></con:property><con:property><con:name>_phone</con:name><con:value>123456---12364f6a-1c6c-4751-82c8-e7bca541f892</con:value></con:property></con:properties></con:config></con:testStep><con:testStep type="restrequest" name="CreateUserStep" id="82576dd1-1ab3-43f0-90a6-3306c125dfcf"><con:settings/><con:config service="http://37.59.228.229:3000" resourcePath="/api/users" methodName="CreateUser" xsi:type="con:RestRequestStep" xmlns:xsi="http://www.w3.org/2001/XMLSchema-instance"><con:restRequest name="CreateUserStep" id="7b71c6c8-deb9-47eb-9e18-7a2dc06feb34" mediaType="application/json" postQueryString="false"><con:settings><con:setting id="com.eviware.soapui.impl.wsdl.WsdlRequest@request-headers">&lt;xml-fragment/></con:setting></con:settings><con:endpoint>http://37.59.228.229:3000</con:endpoint><con:request>{
	"name":"${Data#UserName}",
	"phone":"${Data#Phone}"
}</con:request><con:originalUri>http://37.59.228.229/api/users</con:originalUri><con:assertion type="Valid HTTP Status Codes" id="c3c3dbce-92c1-44ef-b754-be820c486077" name="Valid HTTP Status Codes"><con:configuration><codes>200</codes></con:configuration></con:assertion><con:assertion type="JsonPath Count" id="fc3bebb7-9a30-4ce4-be21-c514d3acab06" name="JsonPath Count"><con:configuration><path>id</path><content>1</content><allowWildcards>false</allowWildcards><ignoreNamspaceDifferences>false</ignoreNamspaceDifferences><ignoreComments>false</ignoreComments></con:configuration></con:assertion><con:assertion type="JsonPath Match" id="6cfc285c-d6d7-4f17-ab05-713ffd46b57a" name="JsonPath Match"><con:configuration><path>role</path><content>Student</content><allowWildcards>false</allowWildcards><ignoreNamspaceDifferences>false</ignoreNamspaceDifferences><ignoreComments>false</ignoreComments></con:configuration></con:assertion><con:credentials><con:authType>No Authorization</con:authType></con:credentials><con:jmsConfig JMSDeliveryMode="PERSISTENT"/><con:jmsPropertyConfig/><con:parameters/></con:restRequest></con:config></con:testStep><con:testStep type="transfer" name="DataTransfer" id="21e1607a-f8b8-4cf0-adb6-46fef55291cb"><con:settings/><con:config xsi:type="con:PropertyTransfersStep" xmlns:xsi="http://www.w3.org/2001/XMLSchema-instance"><con:transfers setNullOnMissingSource="true" transferTextContent="true" failOnError="true" ignoreEmpty="false" transferToAll="false" entitize="false" transferChildNodes="false"><con:name>NameTransfer</con:name><con:sourceType>Response</con:sourceType><con:sourceStep>CreateUserStep</con:sourceStep><con:sourcePath>name</con:sourcePath><con:targetType>_name</con:targetType><con:targetStep>TEMP</con:targetStep><con:type>JSONPATH</con:type><con:targetTransferType>JSONPATH</con:targetTransferType><con:upgraded>true</con:upgraded></con:transfers><con:transfers setNullOnMissingSource="true" transferTextContent="true" failOnError="true" ignoreEmpty="false" transferToAll="false" entitize="false" transferChildNodes="false"><con:name>PhoneTransfer</con:name><con:sourceType>Response</con:sourceType><con:sourceStep>CreateUserStep</con:sourceStep><con:sourcePath>phone</con:sourcePath><con:targetType>_phone</con:targetType><con:targetStep>TEMP</con:targetStep><con:type>JSONPATH</con:type><con:targetTransferType>JSONPATH</con:targetTransferType><con:upgraded>true</con:upgraded></con:transfers></con:config></con:testStep><con:testStep type="restrequest" name="GetUsersAfterCreate" id="ae706d1f-1a13-4454-ae44-e51b56e83ece"><con:settings/><con:config service="http://37.59.228.229:3000" resourcePath="/api/users" methodName="GetUsers" xsi:type="con:RestRequestStep" xmlns:xsi="http://www.w3.org/2001/XMLSchema-instance"><con:restRequest name="GetUsersAfterCreate" id="a4fec8f5-046d-4dd7-9db5-474189498043" mediaType="application/json"><con:settings><con:setting id="com.eviware.soapui.impl.wsdl.WsdlRequest@request-headers">&lt;xml-fragment/></con:setting></con:settings><con:endpoint>http://37.59.228.229:3000</con:endpoint><con:request/><con:originalUri>http://37.59.228.229/api/users</con:originalUri><con:assertion type="Valid HTTP Status Codes" id="06fedfe4-f009-42a4-b00e-ddef7b6ecb96" name="Valid HTTP Status Codes"><con:configuration><codes>200</codes></con:configuration></con:assertion><con:assertion type="GroovyScriptAssertion" id="4c67df3a-b951-4f56-8cbc-8f0bc6e4d7ec" name="Script Assertion"><con:configuration><scriptText>def resp = messageExchange.getResponseContent()
def json = new groovy.json.JsonSlurper().parseText(resp)
def name = context.expand( '${TEMP#_name}' )
def phone = context.expand( '${TEMP#_phone}' )
def switcher = false
json.each() {
	if (it.name == name &amp;&amp; it.phone == phone) {
		switcher = true
	}
}
assert switcher
</scriptText></con:configuration></con:assertion><con:credentials><con:authType>No Authorization</con:authType></con:credentials><con:jmsConfig JMSDeliveryMode="PERSISTENT"/><con:jmsPropertyConfig/><con:parameters/></con:restRequest></con:config></con:testStep><con:properties/></con:testCase><con:properties/></con:testSuite><con:testSuite id="9ab8996e-f342-48a6-a72d-abe22b9cd0db" name="DeleteUserTest"><con:settings/><con:runType>SEQUENTIAL</con:runType><con:testCase id="7e4ac10d-1ccd-4a57-98c9-b674a6ce2925" failOnError="true" failTestCaseOnErrors="true" keepSession="false" maxResults="0" name="DeleteUserTest" searchProperties="true"><con:settings/><con:testStep type="properties" name="Data" id="96adfdb4-db59-487b-a8f8-c91d6ef80375"><con:settings/><con:config xsi:type="con:PropertiesStep" saveFirst="true" xmlns:xsi="http://www.w3.org/2001/XMLSchema-instance"><con:properties><con:property><con:name>UserName</con:name><con:value>Petya---${= new Date().getTime() }</con:value></con:property><con:property><con:name>Phone</con:name><con:value>123456---${=java.util.UUID.randomUUID()}</con:value></con:property></con:properties></con:config></con:testStep><con:testStep type="properties" name="TEMP" id="8d1e18fd-30d9-4d02-8e9e-04905aa0de4c"><con:settings/><con:config xsi:type="con:PropertiesStep" saveFirst="true" xmlns:xsi="http://www.w3.org/2001/XMLSchema-instance"><con:properties><con:property><con:name>_name</con:name><con:value>Petya---1570089105017</con:value></con:property><con:property><con:name>_phone</con:name><con:value>123456---87be2e8b-feba-4c9e-8f53-d201e44004e0</con:value></con:property></con:properties></con:config></con:testStep><con:testStep type="restrequest" name="CreateUserStep" id="31549a21-00d7-4e06-a3f9-00b3caf1f28d"><con:settings/><con:config service="http://37.59.228.229:3000" resourcePath="/api/users" methodName="CreateUser" xsi:type="con:RestRequestStep" xmlns:xsi="http://www.w3.org/2001/XMLSchema-instance"><con:restRequest name="CreateUserStep" id="7b71c6c8-deb9-47eb-9e18-7a2dc06feb34" mediaType="application/json" postQueryString="false"><con:settings><con:setting id="com.eviware.soapui.impl.wsdl.WsdlRequest@request-headers">&lt;xml-fragment/></con:setting></con:settings><con:endpoint>http://37.59.228.229:3000</con:endpoint><con:request>{
	"name":"${Data#UserName}",
	"phone":"${Data#Phone}"
}</con:request><con:originalUri>http://37.59.228.229/api/users</con:originalUri><con:assertion type="Valid HTTP Status Codes" id="c3c3dbce-92c1-44ef-b754-be820c486077" name="Valid HTTP Status Codes"><con:configuration><codes>200</codes></con:configuration></con:assertion><con:assertion type="JsonPath Count" id="fc3bebb7-9a30-4ce4-be21-c514d3acab06" name="JsonPath Count"><con:configuration><path>id</path><content>1</content><allowWildcards>false</allowWildcards><ignoreNamspaceDifferences>false</ignoreNamspaceDifferences><ignoreComments>false</ignoreComments></con:configuration></con:assertion><con:assertion type="JsonPath Match" id="6cfc285c-d6d7-4f17-ab05-713ffd46b57a" name="JsonPath Match"><con:configuration><path>role</path><content>Student</content><allowWildcards>false</allowWildcards><ignoreNamspaceDifferences>false</ignoreNamspaceDifferences><ignoreComments>false</ignoreComments></con:configuration></con:assertion><con:credentials><con:authType>No Authorization</con:authType></con:credentials><con:jmsConfig JMSDeliveryMode="PERSISTENT"/><con:jmsPropertyConfig/><con:parameters/></con:restRequest></con:config></con:testStep><con:testStep type="transfer" name="DataTransfer" id="458a3db1-9f07-4999-9c83-9769862d1293"><con:settings/><con:config xsi:type="con:PropertyTransfersStep" xmlns:xsi="http://www.w3.org/2001/XMLSchema-instance"><con:transfers setNullOnMissingSource="true" transferTextContent="true" failOnError="true" ignoreEmpty="false" transferToAll="false" entitize="false" transferChildNodes="false"><con:name>NameTransfer</con:name><con:sourceType>Response</con:sourceType><con:sourceStep>CreateUserStep</con:sourceStep><con:sourcePath>name</con:sourcePath><con:targetType>_name</con:targetType><con:targetStep>TEMP</con:targetStep><con:type>JSONPATH</con:type><con:targetTransferType>JSONPATH</con:targetTransferType><con:upgraded>true</con:upgraded></con:transfers><con:transfers setNullOnMissingSource="true" transferTextContent="true" failOnError="true" ignoreEmpty="false" transferToAll="false" entitize="false" transferChildNodes="false"><con:name>PhoneTransfer</con:name><con:sourceType>Response</con:sourceType><con:sourceStep>CreateUserStep</con:sourceStep><con:sourcePath>phone</con:sourcePath><con:targetType>_phone</con:targetType><con:targetStep>TEMP</con:targetStep><con:type>JSONPATH</con:type><con:targetTransferType>JSONPATH</con:targetTransferType><con:upgraded>true</con:upgraded></con:transfers></con:config></con:testStep><con:testStep type="restrequest" name="DeleteUser" id="df7bdd41-0420-430b-9b9b-26dc77611544"><con:settings/><con:config service="http://37.59.228.229:3000" methodName="DeleteUser" resourcePath="/api/users" xsi:type="con:RestRequestStep" xmlns:xsi="http://www.w3.org/2001/XMLSchema-instance"><con:restRequest name="DeleteUser" id="6c272482-4986-4770-a152-aa6754fc302c" mediaType="application/json" postQueryString="false"><con:settings><con:setting id="com.eviware.soapui.impl.wsdl.WsdlRequest@request-headers">&lt;xml-fragment/></con:setting></con:settings><con:encoding>UTF-8</con:encoding><con:endpoint>http://37.59.228.229:3000</con:endpoint><con:request>{
	"name":"_name",
	"phone":"_phone"
}</con:request><con:originalUri>http://37.59.228.229/api/users</con:originalUri><con:assertion type="Response SLA Assertion" id="2b74bc2c-6cbe-47c6-bbb8-ad5edeb451e8" name="Response SLA"><con:configuration><SLA>200</SLA></con:configuration></con:assertion><con:credentials><con:authType>No Authorization</con:authType></con:credentials><con:jmsConfig JMSDeliveryMode="PERSISTENT"/><con:jmsPropertyConfig/><con:parameters/></con:restRequest></con:config></con:testStep><con:testStep type="transfer" name="DataTransfer1" id="85344fe1-7581-470a-a11d-5681b8debcb3"><con:settings/><con:config xsi:type="con:PropertyTransfersStep" xmlns:xsi="http://www.w3.org/2001/XMLSchema-instance"><con:transfers setNullOnMissingSource="true" transferTextContent="true" failOnError="true" ignoreEmpty="false" transferToAll="false" entitize="false" transferChildNodes="false"><con:name>NameTransfer</con:name><con:sourceType>Response</con:sourceType><con:sourceStep>CreateUserStep</con:sourceStep><con:sourcePath>name</con:sourcePath><con:targetType>_name</con:targetType><con:targetStep>TEMP</con:targetStep><con:type>JSONPATH</con:type><con:targetTransferType>JSONPATH</con:targetTransferType><con:upgraded>true</con:upgraded></con:transfers><con:transfers setNullOnMissingSource="true" transferTextContent="true" failOnError="true" ignoreEmpty="false" transferToAll="false" entitize="false" transferChildNodes="false"><con:name>PhoneTransfer</con:name><con:sourceType>Response</con:sourceType><con:sourceStep>CreateUserStep</con:sourceStep><con:sourcePath>phone</con:sourcePath><con:targetType>_phone</con:targetType><con:targetStep>TEMP</con:targetStep><con:type>JSONPATH</con:type><con:targetTransferType>JSONPATH</con:targetTransferType><con:upgraded>true</con:upgraded></con:transfers></con:config></con:testStep><con:testStep type="restrequest" name="GetUsersAfterDelete" id="421be9d5-b18e-4019-bb19-c49aa4b21a12"><con:settings/><con:config service="http://37.59.228.229:3000" resourcePath="/api/users" methodName="GetUsers" xsi:type="con:RestRequestStep" xmlns:xsi="http://www.w3.org/2001/XMLSchema-instance"><con:restRequest name="GetUsersAfterDelete" id="a4fec8f5-046d-4dd7-9db5-474189498043" mediaType="application/json"><con:settings><con:setting id="com.eviware.soapui.impl.wsdl.WsdlRequest@request-headers">&lt;xml-fragment/></con:setting></con:settings><con:endpoint>http://37.59.228.229:3000</con:endpoint><con:request/><con:originalUri>http://37.59.228.229/api/users</con:originalUri><con:assertion type="Valid HTTP Status Codes" id="06fedfe4-f009-42a4-b00e-ddef7b6ecb96" name="Valid HTTP Status Codes"><con:configuration><codes>200</codes></con:configuration></con:assertion><con:assertion type="GroovyScriptAssertion" id="4c67df3a-b951-4f56-8cbc-8f0bc6e4d7ec" name="Script Assertion"><con:configuration><scriptText>def resp = messageExchange.getResponseContent()
def json = new groovy.json.JsonSlurper().parseText(resp)
def name = context.expand( '${TEMP#_name}' )
def phone = context.expand( '${TEMP#_phone}' )
def switcher = false
json.each() {
	if (it.name == name &amp;&amp; it.phone == phone) {
		switcher = true
	}
}

</scriptText></con:configuration></con:assertion><con:assertion type="GroovyScriptAssertion" id="b23524a3-ab92-4df9-9a5f-0c3f5af2df02"><con:configuration/></con:assertion><con:credentials><con:authType>No Authorization</con:authType></con:credentials><con:jmsConfig JMSDeliveryMode="PERSISTENT"/><con:jmsPropertyConfig/><con:parameters/></con:restRequest></con:config></con:testStep><con:properties/></con:testCase><con:properties/></con:testSuite><con:properties/><con:wssContainer/><con:oAuth2ProfileContainer/><con:oAuth1ProfileContainer/><con:sensitiveInformation/></con:soapui-project>